2225638_quadratic.jpg,e1838f1d39327dfc
2225366_quadratic.jpg,803f45ecfba50d73
2225830_quadratic.jpg,f9e3a649ff5fb003
2225408_quadratic.jpg,c4e3850e56b04f98
2225311_quadratic.jpg,0f0c70c0b365f83f
2225806_quadratic.jpg,e0d3e7d879906196
2225433_quadratic.jpg,0030000010e0ff9f
2225629_quadratic.jpg,1f78b041ca90659f
2225812_quadratic.jpg,b660074c103769e2
2225206_quadratic.jpg,9a65cb34c18abd79
2225270_quadratic.jpg,b601d471ff3e0d10
2225167_quadratic.jpg,f2c9972cf902419a
2225893_quadratic.jpg,3ee1010f7cf863c6
2225331_quadratic.jpg,8419f21463c69803
2225611_quadratic.jpg,7bc0096ed123942b
2225073_quadratic.jpg,f7854b10fc778a50
2225284_quadratic.jpg,013ab46eddb30106
2225486_quadratic.jpg,1fce38738e3fcf01
2225580_quadratic.jpg,d8834419224ed8b0
2225436_quadratic.jpg,800d1bf6ae5b865f
2225765_quadratic.jpg,a30e9c0956e81e7c
2225831_quadratic.jpg,f9e3a649ff5fb003
2225129_quadratic.jpg,3dfa14403bd8a20d
2225273_quadratic.jpg,fff53b0dd0680782
2225747_quadratic.jpg,41cb1db22d488841
2225290_quadratic.jpg,010384083bec5bf7
2225578_quadratic.jpg,c1027d0c19f2e78f
2225737_quadratic.jpg,81170e3cf0e1cfff
2225624_quadratic.jpg,ff02f83fc080efff
2225306_quadratic.jpg,71fff7c3cc106c00
2225698_quadratic.jpg,f2c51976ff2e80ff
2225584_quadratic.jpg,befdfa75e245a641
2225285_quadratic.jpg,de7dc88913e69c51
2225547_quadratic.jpg,381068c18501bfff
2225671_quadratic.jpg,80234a840ac0833f
2225813_quadratic.jpg,ed031f7c01c02088
2225921_quadratic.jpg,f881cd1b267dd890
2225789_quadratic.jpg,c913267cd911e788
2225057_quadratic.jpg,f8f74f38071fa448
2225906_quadratic.jpg,0316fc8065aadfaf
2225069_quadratic.jpg,017ef40bbef98039
2225126_quadratic.jpg,f81330c5be8b060d
2225139_quadratic.jpg,0f160cf83360c281
2225263_quadratic.jpg,79c3dc3b56a47df1
2225871_quadratic.jpg,000c80c160c6b70b
2225882_quadratic.jpg,f2c51976ff2e80ff
2225082_quadratic.jpg,334e9f7b3040639e
2225425_quadratic.jpg,cc3973066040f2cf
2225542_quadratic.jpg,fefd03e0bd054267
2225197_quadratic.jpg,f8fe1b2608007080
2225375_quadratic.jpg,951aedbb63cc8c45
2225702_quadratic.jpg,01fe8081e7cfbb7e
2225376_quadratic.jpg,1df7cf3c99b47b8e
2225960_quadratic.jpg,8c3921f6bc03020c
2225281_quadratic.jpg,99023d789022413e
2225031_quadratic.jpg,0036fef0cb838e75
2225153_quadratic.jpg,e0678e1123c29f7f
2225207_quadratic.jpg,0f002678a40146bc
2225985_quadratic.jpg,3147fee8a38943a3
2225172_quadratic.jpg,01820c0890210102
2225800_quadratic.jpg,1df0f90720d8fffa
2225146_quadratic.jpg,e59b376f9c0146f8
2225000_quadratic.jpg,073ac08127af5c84
2225947_quadratic.jpg,0e31f828c1224f90
2225851_quadratic.jpg,800d1bf6ae5b865f
2225647_quadratic.jpg,c2d4e90f3c489021
2225282_quadratic.jpg,610e02ccf1a44998
2225439_quadratic.jpg,ee95230c14e1ffff
2225036_quadratic.jpg,06cc9861863f7ffc
2225794_quadratic.jpg,1cf93ae6ec932143
2225028_quadratic.jpg,72e58b24f8f6014f
2225788_quadratic.jpg,9af4ca0b36419808
2225339_quadratic.jpg,ffff1fbcf3cf1e00
2225060_quadratic.jpg,c903b664c2204102
2225799_quadratic.jpg,fae519d6eccf011e
2225769_quadratic.jpg,01defbf7e7cf1839
2225142_quadratic.jpg,fce1c30d920c1d30
2225534_quadratic.jpg,f881cd1b267dd890
2225164_quadratic.jpg,3d53a66c99e6c50f
2225632_quadratic.jpg,41239f491ef0817f
2225664_quadratic.jpg,4bc4112edd3e4893
2225356_quadratic.jpg,061db003e0ce0d1b
2225347_quadratic.jpg,014bdebc33e6cfe4
2225996_quadratic.jpg,e23d61f38f3fc280
2225959_quadratic.jpg,00d0f9976c993f76
2225138_quadratic.jpg,9c0100000cdf8221
2225052_quadratic.jpg,ecd1eb1778b2ccb3
2225677_quadratic.jpg,3265c02ed116050a
2225344_quadratic.jpg,0004f8e78d7fc630
2225135_quadratic.jpg,dc31c32605debf20
2225619_quadratic.jpg,e0c821c3a74f9e3c
2225472_quadratic.jpg,fd9327c806192608
2225614_quadratic.jpg,738e380c11e0c091
2225908_quadratic.jpg,00c473ccb3c6bf7f
2225709_quadratic.jpg,feb943cae0073cf8
2225576_quadratic.jpg,8d0bfeb16280499e
2225257_quadratic.jpg,b0c77b83c4593344
2225335_quadratic.jpg,efaf1c2bf23c7e98
2225716_quadratic.jpg,01fe8081e7cfbb7e
2225560_quadratic.jpg,98126fd2ac1b1cf0
2225220_quadratic.jpg,f419070ad0e66992
2225392_quadratic.jpg,74d387beed3f6bd6
2225332_quadratic.jpg,2043dcb2479d034e
2225143_quadratic.jpg,8f1dba5d5431c224
2225827_quadratic.jpg,0f0c70c0b365f83f
2225379_quadratic.jpg,f80523400000809f
2225999_quadratic.jpg,c6dd8139feb08f38
2225862_quadratic.jpg,def9b70d032d52a8
2225127_quadratic.jpg,0df20c39c08f3cf6
2225787_quadratic.jpg,9af4ca0b36419808
2225427_quadratic.jpg,1e60d0be0103c6de
2225662_quadratic.jpg,f3e0872eb0285204
2225680_quadratic.jpg,3e69823469d2065e
2225636_quadratic.jpg,d8a041a206cd136c
2225053_quadratic.jpg,9123478e1c19307e
2225415_quadratic.jpg,f9e3a649ff5fb003
2225852_quadratic.jpg,92bd7b76c89c09f3
2225447_quadratic.jpg,c0432ed02046b87f
2225437_quadratic.jpg,92bd7b76c89c09f3
2225118_quadratic.jpg,c1733f3e00ff4cb8
2225759_quadratic.jpg,a25f0076fc41bffc
2225836_quadratic.jpg,0f0c70c0b365f83f
2225796_quadratic.jpg,ff7f7142902846f6
2225525_quadratic.jpg,f9c4893366478031
2225929_quadratic.jpg,f07fb40b3f904fb1
2225607_quadratic.jpg,00e08872ac60b6b1
2225814_quadratic.jpg,24f0870ef0214788
2225663_quadratic.jpg,86356edc9b218017
2225079_quadratic.jpg,c183070f0e50a4fb
2225573_quadratic.jpg,f881cd1b267dd890
2225512_quadratic.jpg,8c3973c6c81172ee
2225507_quadratic.jpg,d183070f962c7df8
2225634_quadratic.jpg,9f2c1f6490e0b37f
2225294_quadratic.jpg,c0b60f102062c880
2225037_quadratic.jpg,374fbcc8b60d1240
2225545_quadratic.jpg,21c29c5fbe64c993
2225049_quadratic.jpg,64c895395f1c7284
2225203_quadratic.jpg,f0c7ff6f90641f67
2225825_quadratic.jpg,36d007fe608e1360
2225238_quadratic.jpg,e68429fea3479878
2225971_quadratic.jpg,7be543069f37e890
2225923_quadratic.jpg,e0037cc807d8813f
2225557_quadratic.jpg,01c0100020c09f7f
2225085_quadratic.jpg,9d17fec099e1e7ca
2225673_quadratic.jpg,e3c6899835ebde33
2225302_quadratic.jpg,1522cc885162dd80
2225469_quadratic.jpg,112224d8f1e77fe0
2225308_quadratic.jpg,803ff82206f8479f
2225102_quadratic.jpg,32dcc1e74385fa89
2225277_quadratic.jpg,c19f4300fc19038c
2225731_quadratic.jpg,0d066dd33ec3bd7f
2225326_quadratic.jpg,f2c51976ff2e80ff
2225646_quadratic.jpg,cb1f3f7ecc90a772
2225521_quadratic.jpg,72a48813660d58b0
2225022_quadratic.jpg,fa8813e40b479e34
2225483_quadratic.jpg,ff7d00049c3df280
2225175_quadratic.jpg,73c499bf73cf3003
2225235_quadratic.jpg,2041860cf8d0037f
2225253_quadratic.jpg,f70f0060cc132441
2225419_quadratic.jpg,a51a27dcb0215cf0
2225633_quadratic.jpg,8000e6883143a60c
2225449_quadratic.jpg,7df2478ab459b366
2225625_quadratic.jpg,f881cd1b267dd890
2225982_quadratic.jpg,c6dd8139feb08f38
2225740_quadratic.jpg,befcc3070f88308f
2225398_quadratic.jpg,30a0f00831a452a1
2225280_quadratic.jpg,73cc9d2b56e6bc71
2225508_quadratic.jpg,9e3160e7533e5c80
2225958_quadratic.jpg,083fbd77c3862146
2225773_quadratic.jpg,e65d3bf3ce198614
2225340_quadratic.jpg,34e9e42187cfb469
2225683_quadratic.jpg,0b84d82326deb803
2225496_quadratic.jpg,01ce9dffe0df837f
2225905_quadratic.jpg,0c02209164c0bf1f
2225565_quadratic.jpg,c1027c081bf2e78e
2225423_quadratic.jpg,000063d60d1b00e3
2225531_quadratic.jpg,67d68c3b7ef0c1bf
2225776_quadratic.jpg,011e7c0810c0ffff
2225637_quadratic.jpg,5903b6ef183060ce
2225712_quadratic.jpg,f2c51976ff2e80ff
2225968_quadratic.jpg,f70f0060cc132441
2225593_quadratic.jpg,01fe8081e7cfbb7e
2225654_quadratic.jpg,f2c51976ff2e80ff
2225224_quadratic.jpg,824d9e1c79f0c001
2225585_quadratic.jpg,050ed8e6071e30e0
2225763_quadratic.jpg,3dce1c3932e4d8b3
2225717_quadratic.jpg,c6dd8139feb08f38
2225359_quadratic.jpg,f74f36c92a430480
2225739_quadratic.jpg,0938e0f47f23cc39
2225485_quadratic.jpg,e70a27be58237dca
2225409_quadratic.jpg,03de8519f0e67f8d
2225694_quadratic.jpg,27d922ce183be401
2225310_quadratic.jpg,0c39d831b629d3a4
2225990_quadratic.jpg,867f0648fc3708c0
2225312_quadratic.jpg,979af5bb63cc8445
2225065_quadratic.jpg,f7854b10fc778a50
2225229_quadratic.jpg,31c2308963c60cdb
2225041_quadratic.jpg,eedce70b1344b25d
2225707_quadratic.jpg,72e4fbcf2f132409
2225145_quadratic.jpg,fe2101600058beff
2225140_quadratic.jpg,9e680716a0c5937f
2225746_quadratic.jpg,89037e1d78e22df9
2225176_quadratic.jpg,ff0fe7bce1a25fe0
2225660_quadratic.jpg,072d166cb861c690
2225719_quadratic.jpg,e6edf063f68f0a60
2225421_quadratic.jpg,79b70e71c84ed008
2225595_quadratic.jpg,ee17070e1870e0c0
2225781_quadratic.jpg,9af4ca0b36419808
2225108_quadratic.jpg,edd334cd1268e2cd
2225888_quadratic.jpg,f2c51976ff2e80ff
2225232_quadratic.jpg,2bc61449967c4890
2225750_quadratic.jpg,01668c69c000fcff
2225685_quadratic.jpg,0906603b06dfbf63
2225704_quadratic.jpg,e00d02102942847c
2225010_quadratic.jpg,230e0c19f3cf070c
2225043_quadratic.jpg,0f34c03fa918a009
2225559_quadratic.jpg,02fd0b04b831e346
2225488_quadratic.jpg,3dfac40bfc41a3fd
2225562_quadratic.jpg,000063d60d1b00e3
2225424_quadratic.jpg,000063d60d1b00e3
2225770_quadratic.jpg,215e20c011ff9647
2225096_quadratic.jpg,210cfd02453060d7
2225463_quadratic.jpg,ac79f9f70f20c0ff
2225323_quadratic.jpg,3ee0fbc70c017f42
2225350_quadratic.jpg,000e1c78f63f0380
2225230_quadratic.jpg,0040180020c0af7f
2225599_quadratic.jpg,9b260dda30639ce2
2225484_quadratic.jpg,7cf082b76fc08027
2225693_quadratic.jpg,5effc887733cdf84
2225828_quadratic.jpg,e6ddfb0f9060cf00
2225349_quadratic.jpg,79f8a061ce1f9e07
2225984_quadratic.jpg,8c51b2c04b36cc33
2225952_quadratic.jpg,306dc2803979deb0
2225536_quadratic.jpg,f2c51976ff2e80ff
2225600_quadratic.jpg,b857b264d386011f
2225291_quadratic.jpg,01023c3078c04291
2225676_quadratic.jpg,f881cd1b267dd890
2225865_quadratic.jpg,bbf91f000578f8d9
2225723_quadratic.jpg,7ecdd2231c19e38f
2225215_quadratic.jpg,0f1fe41120f043be
2225030_quadratic.jpg,69468cd9276fc441
2225122_quadratic.jpg,9c31c6f9f7fc4187
2225715_quadratic.jpg,000063d60d1b00e3
2225511_quadratic.jpg,f8870f5e2b9eb063
2225144_quadratic.jpg,01e29d2750e51a67
2225938_quadratic.jpg,7ffac4cf1923ce88
2225222_quadratic.jpg,73c489bf7bcf3023
2225563_quadratic.jpg,01fe8081e7cfbb7e
2225768_quadratic.jpg,9648a1ca679fbc7b
2225130_quadratic.jpg,a042fd70e3132284
2225552_quadratic.jpg,9428c1a24d830678
2225939_quadratic.jpg,79c3052aecd2a91e
2225186_quadratic.jpg,8acc18f121dbe74f
2225286_quadratic.jpg,4045f8f6479b860c
2225937_quadratic.jpg,fecd036420c08707
2225969_quadratic.jpg,012e940873cca137
2225116_quadratic.jpg,e1031de89003bcc3
2225420_quadratic.jpg,f8c39d3dc3ce3bc0
2225703_quadratic.jpg,c6dd8139feb08f38
2225396_quadratic.jpg,75ea54b3c40d7be0
2225009_quadratic.jpg,c9730408d027df70
2225530_quadratic.jpg,0c02209164c0bf1f
2225493_quadratic.jpg,c0432ed02046b87f
2225453_quadratic.jpg,bbf91f000578f8d9
2225533_quadratic.jpg,01e6dc7fe0df837f
2225529_quadratic.jpg,00c473ccb3c6bf7f
2225275_quadratic.jpg,a113648819a740a3
2225920_quadratic.jpg,102024c8d3a14fbc
2225652_quadratic.jpg,ed82072e5f3049a2
2225179_quadratic.jpg,007a0408f4fbb367
2225732_quadratic.jpg,7dba051ef833c70b
2225048_quadratic.jpg,f7854b10fc778a50
2225807_quadratic.jpg,803ff82206f8479f
2225195_quadratic.jpg,031f74049125cee1
2225835_quadratic.jpg,b57f0182df2f9023
2225543_quadratic.jpg,da0061962e1833e4
2225793_quadratic.jpg,1a058a30ecff926d
2225438_quadratic.jpg,c8b0418e3cf1c73d
2225296_quadratic.jpg,e0d3e7d879906196
2225337_quadratic.jpg,06fcfc7bc340a36f
2225808_quadratic.jpg,013ab46eddb30106
2225729_quadratic.jpg,314080271bf6bd7b
2225039_quadratic.jpg,0e0ff839e2c441ae
2225161_quadratic.jpg,007a0408f4fbb367
2225688_quadratic.jpg,306dc2803979deb0
2225492_quadratic.jpg,8410c3fe65f6fd3e
2225628_quadratic.jpg,c3860d6e50927488
2225121_quadratic.jpg,993366ecc103264a
2225210_quadratic.jpg,013e718010eed8f8
2225246_quadratic.jpg,4fd8076b826c01fb
2225287_quadratic.jpg,364c983063c60c31
2225298_quadratic.jpg,7ffcc1071fe64001
2225157_quadratic.jpg,1df7cf3c98347b8e
2225889_quadratic.jpg,fd9327c806192608
2225247_quadratic.jpg,220c1cb1e3cf050c
2225360_quadratic.jpg,dea19b70255e0c98
2225722_quadratic.jpg,985fbb64f1c2050f
2225642_quadratic.jpg,0b5eb944b8c3062f
2225101_quadratic.jpg,070c912e3b306c88
2225784_quadratic.jpg,fe3c79f0c1838307
2225023_quadratic.jpg,3d49b264d0094382
2225911_quadratic.jpg,0316fc8065aadfaf
2225487_quadratic.jpg,009a3853eed0553f
2225112_quadratic.jpg,00cc8200b07fc280
2225189_quadratic.jpg,4bf23cc811af10e8
2225244_quadratic.jpg,060d10e0e03fcf80
2225315_quadratic.jpg,000c80c160c6b70b
2225271_quadratic.jpg,220c1c99f3cf070c
2225264_quadratic.jpg,f68429ffa3479878
2225749_quadratic.jpg,0cfee04996ac5ba0
2225178_quadratic.jpg,0060080000c0af3f
2225760_quadratic.jpg,f3e7878f1e7c40f0
2225757_quadratic.jpg,20dc98274c32e01e
2225093_quadratic.jpg,8e9921572d1accb0
2225307_quadratic.jpg,fffb7d0e000077ac
2225594_quadratic.jpg,e7ff61e3972f10b5
2225087_quadratic.jpg,ee9973a6c30c3f0c
2225494_quadratic.jpg,c4397a408024c19f
2225345_quadratic.jpg,cd02c408132cff97
2225371_quadratic.jpg,3146a051ab50817f
2225817_quadratic.jpg,b87fcf80e439837b
2225718_quadratic.jpg,0f7af080010f162c
2225267_quadratic.jpg,b1e6cf1e2d72ac61
2225410_quadratic.jpg,63cfba413ed08d02
2225254_quadratic.jpg,99023df89022413e
2225431_quadratic.jpg,ffc00b3e7480017f
2225535_quadratic.jpg,e2c4991327ca9d29
2225691_quadratic.jpg,9d33c6ff913c7b82
2225174_quadratic.jpg,22fde9c70f3c6800
2225736_quadratic.jpg,61df18a708f08881
2225913_quadratic.jpg,00c473ccb3c6bf7f
2225013_quadratic.jpg,0000f8c71fc0bf7f
2225470_quadratic.jpg,f2c51976ff2e80ff
2225783_quadratic.jpg,0063c08011270e18
2225610_quadratic.jpg,f0e70f4f963d0080
2225404_quadratic.jpg,45c0013f5e2040e6
2225480_quadratic.jpg,fd9327c806192608
2225005_quadratic.jpg,07fd02e0801f1607
2225430_quadratic.jpg,b660074c103769e2
2225091_quadratic.jpg,c8559a3126cc933f
2225880_quadratic.jpg,81fe3b41c62f53bc
2225501_quadratic.jpg,0880f0074f3cf275
2225564_quadratic.jpg,0d528c18e08f3cfa
2225405_quadratic.jpg,b87fcf80e439837b
2225471_quadratic.jpg,f2c51976ff2e80ff
2225878_quadratic.jpg,0da25b46ae0540a8
2225429_quadratic.jpg,f2c51976ff2e80ff
2225151_quadratic.jpg,ffe007ef133ee081
2225551_quadratic.jpg,f881cd1b267dd890
2225645_quadratic.jpg,35ce0cf39e013eff
2225528_quadratic.jpg,689047bf783e4180
2225581_quadratic.jpg,01263fbc5940c09b
2225623_quadratic.jpg,05d8f12309340800
2225027_quadratic.jpg,983163c6ac59b14a
2225635_quadratic.jpg,00d0f9976c993f76
2225462_quadratic.jpg,6dd2033fc11e7884
2225448_quadratic.jpg,def9b70d032d52a8
2225883_quadratic.jpg,ac79f9f70f20c0ff
2225752_quadratic.jpg,289fa6d5cb170810
2225631_quadratic.jpg,f2c51976ff2e80ff
2225099_quadratic.jpg,41b3fc031c801f6c
2225227_quadratic.jpg,0172ec3bf0ff817f
2225033_quadratic.jpg,fc030618f11c8375
2225887_quadratic.jpg,f2c51976ff2e80ff
2225502_quadratic.jpg,771e68e609c017fe
2225766_quadratic.jpg,8800ac5366dca845
2225166_quadratic.jpg,73c499bf7bcf3003
2225586_quadratic.jpg,66ce843977264cb9
2225319_quadratic.jpg,ef73f6dd17a469c3
2225038_quadratic.jpg,fd7ae68c1f93c118
2225413_quadratic.jpg,f9e3a649ff5fb003
2225978_quadratic.jpg,01c2190660847fff
2225094_quadratic.jpg,d028e30f1b2450ec
2225864_quadratic.jpg,c8b0418e3cf1c73d
2225450_quadratic.jpg,67d28c3b7efcc097
2225579_quadratic.jpg,c09177c88f300300
2225936_quadratic.jpg,f2c51976ff2e80ff
2225983_quadratic.jpg,0fca75689d66c164
2225016_quadratic.jpg,0970e3d6ad5bb57e
2225780_quadratic.jpg,9c38c08481c13708
2225506_quadratic.jpg,ce99033ee03cc081
2225019_quadratic.jpg,35c28419334c9869
2225115_quadratic.jpg,4d963db609f98617
2225964_quadratic.jpg,fbfe678860fe0b12
2225816_quadratic.jpg,45c0013f5e2040e6
2225170_quadratic.jpg,f419070ad0e66992
2225451_quadratic.jpg,c8b0418e3cf1c73d
2225721_quadratic.jpg,c063a408103060f0
2225018_quadratic.jpg,99023df89022413e
2225046_quadratic.jpg,865d338461c78051
2225898_quadratic.jpg,ff7d00049c3df280
2225845_quadratic.jpg,579ec1a24fb8e018
2225846_quadratic.jpg,f2c51976ff2e80ff
2225403_quadratic.jpg,449a3c8334f8f08f
2225840_quadratic.jpg,f8c39d3dc3ce3bc0
2225147_quadratic.jpg,9851b3a60b15699a
2225727_quadratic.jpg,018e7d38f0a31963
2225815_quadratic.jpg,579ec1a24fb8e018
2225269_quadratic.jpg,ff42bf6cd03b67c1
2225191_quadratic.jpg,39eebfe92449f638
2225478_quadratic.jpg,e70b0588257d7086
2225762_quadratic.jpg,fac55b31ce9803f3
2225026_quadratic.jpg,866902953a64c088
2225687_quadratic.jpg,2f1af7ea7de04280
2225061_quadratic.jpg,72f001c2303f8804
2225165_quadratic.jpg,dfb97a86ecdbb57b
2225389_quadratic.jpg,0f0a043870e2d8a5
2225212_quadratic.jpg,7586695bfc25a708
2225651_quadratic.jpg,ce19346f44902419
2225342_quadratic.jpg,587f90471e3146b8
2225276_quadratic.jpg,0000f8c71fc0bf7f
2225441_quadratic.jpg,01fe8081e7cfbb7e
2225117_quadratic.jpg,b74d9b2468508000
2225248_quadratic.jpg,22cc983167c6bd73
2225054_quadratic.jpg,6fdc9a778fde3911
2225608_quadratic.jpg,fd1e31e481a147bf
2225582_quadratic.jpg,fc3877e0c0018300
2225351_quadratic.jpg,cf0d3f7ea85120f0
2225119_quadratic.jpg,015ae60e1120ccff
2225724_quadratic.jpg,03468c183162c43f
2225214_quadratic.jpg,a0237cf3a35d0346
2225268_quadratic.jpg,060d18f0e03fc780
2225394_quadratic.jpg,30d0e681a177fe3f
2225171_quadratic.jpg,0f48d001df3f7f80
2225074_quadratic.jpg,cc9123c473560d70
2225850_quadratic.jpg,000063d60d1b00e3
2225504_quadratic.jpg,e70e821538e14087
2225399_quadratic.jpg,24fefd07ff3d4c00
2225300_quadratic.jpg,e6ddfb0f9060cf00
2225842_quadratic.jpg,000063d60d1b00e3
2225204_quadratic.jpg,187e788050c2813f
2225239_quadratic.jpg,658b7cfb76016fb0
2225017_quadratic.jpg,36fdfe28f0c2cf93
2225995_quadratic.jpg,ffffffee130e7080
2225667_quadratic.jpg,479ae4d923d33cdf
2225328_quadratic.jpg,1efcf3c36f0800e0
2225979_quadratic.jpg,3bf14307df37e8d0
2225025_quadratic.jpg,c910031e0c607c80
2225008_quadratic.jpg,3d720caa11227d80
2225288_quadratic.jpg,ff01aeb166db3d56
2225655_quadratic.jpg,d4a04788103b07fe
2225713_quadratic.jpg,0f079c4cf2286298
2225390_quadratic.jpg,380068c0a501bfff
2225397_quadratic.jpg,75ea54b3c40d7be0
2225988_quadratic.jpg,66dc214bb60d9227
2225200_quadratic.jpg,cef103348903076e
2225904_quadratic.jpg,f9c4893366478031
2225274_quadratic.jpg,62cc983167c6fd73
2225577_quadratic.jpg,f2c51976ff2e80ff
2225556_quadratic.jpg,f2c51976ff2e80ff
2225223_quadratic.jpg,6088336cf1cf8f07
2225314_quadratic.jpg,36d007fe608e1360
2225524_quadratic.jpg,000080240810e367
2225256_quadratic.jpg,065964f31cc0bf7f
2225861_quadratic.jpg,1ffd024f18c0807f
2225219_quadratic.jpg,fe3c79f0c1838307
2225867_quadratic.jpg,78f2458a5800ccff
2225679_quadratic.jpg,9a31e38403408030
2225002_quadratic.jpg,1f3af4eedd2147d6
2225516_quadratic.jpg,00f4c00691020f1b
2225976_quadratic.jpg,81638c7cc1050e38
2225738_quadratic.jpg,25d8a20531e68c19
2225520_quadratic.jpg,428449132e50e094
2225892_quadratic.jpg,fd9327c806192608
2225627_quadratic.jpg,bc3f5bf0c4098321
2225916_quadratic.jpg,be7dd30346de1830
2225572_quadratic.jpg,8c3921f6bc03020c
2225262_quadratic.jpg,fe41030afc7b0608
2225970_quadratic.jpg,f881cd1b267dd890
2225588_quadratic.jpg,b061c91e078e1d34
2225597_quadratic.jpg,61cab40b30c08001
2225620_quadratic.jpg,68323ce041bae084
2225393_quadratic.jpg,2763867a1c33c48c
2225001_quadratic.jpg,ee016c1f02fddf7f
2225643_quadratic.jpg,060e7cfbe3c1be7f
2225873_quadratic.jpg,f9f30387dc1fa263
2225829_quadratic.jpg,f9e3a649ff5fb003
2225841_quadratic.jpg,000063d60d1b00e3
2225297_quadratic.jpg,340deae44912c79c
2225032_quadratic.jpg,438f1c1870e6c07f
2225301_quadratic.jpg,287993c48b255ab0
2225733_quadratic.jpg,c0ccf023031e68b0
2225802_quadratic.jpg,860cd9bf7340b8ff
2225327_quadratic.jpg,38f1c284010878e1
2225775_quadratic.jpg,0cfce44996ae5ba0
2225477_quadratic.jpg,13e6cb163f314c98
2225653_quadratic.jpg,9e3170e48c180166
2225963_quadratic.jpg,e68cd0c73ffe4003
2225566_quadratic.jpg,66ce843977264cb9
2225767_quadratic.jpg,dab12f4d906e5000
2225120_quadratic.jpg,23061c78e01f80f9
2225283_quadratic.jpg,06dc70e38403060c
2225720_quadratic.jpg,8fffbe7fcf8e9c7b
2225080_quadratic.jpg,1776e44912f863cb
2225826_quadratic.jpg,b57f0182df2f9023
2225194_quadratic.jpg,fe1f68e70fc1b37f
2225156_quadratic.jpg,f83423ce98334f9e
2225491_quadratic.jpg,01800d5a9ff0c91f
2225216_quadratic.jpg,ee7f9ae40f03a06e
2225544_quadratic.jpg,01be63c6fc1f0263
2225804_quadratic.jpg,71fff7c3cc106c00
2225678_quadratic.jpg,f2c51976ff2e80ff
2225890_quadratic.jpg,fd9327c806192608
2225458_quadratic.jpg,81fe3b41c62f53bc
2225907_quadratic.jpg,428449132e50e094
2225348_quadratic.jpg,01befeedd0870326
2225163_quadratic.jpg,c9b3674fae1a9d1f
2225384_quadratic.jpg,fc0f00f00b2040d8
2225548_quadratic.jpg,224f9e3040a044fb
2225894_quadratic.jpg,13e6cb163f314c98
2225372_quadratic.jpg,b8f1c08f1f26dcf3
2225786_quadratic.jpg,7f0800c75f3ef304
2225067_quadratic.jpg,f103a74d860c3870
2225570_quadratic.jpg,fbfe678860fe0b12
2225686_quadratic.jpg,67de3c8034eb56ac
2225357_quadratic.jpg,ee9d364f1f37eed0
2225943_quadratic.jpg,4a1760c01063dfff
2225272_quadratic.jpg,c973e7891f3c63d0
2225853_quadratic.jpg,c8b0418e3cf1c73d
2225583_quadratic.jpg,9b3065dafc3f5bb6
2225150_quadratic.jpg,7f1c64ca1db30821
2225100_quadratic.jpg,15bbc7af1d3f78f2
2225181_quadratic.jpg,dee0071850bb778e
2225838_quadratic.jpg,b660074c103769e2
2225568_quadratic.jpg,8a0700e8ffc3203f
2225857_quadratic.jpg,71828409f2e3478f
2225697_quadratic.jpg,f881cd1b267dd890
2225422_quadratic.jpg,01ccfe0f1830fb8c
2225358_quadratic.jpg,e6f5dbb26fee987f
2225461_quadratic.jpg,f2c51976ff2e80ff
2225131_quadratic.jpg,01020c3976f8af4e
2225994_quadratic.jpg,f2c51976ff2e80ff
2225656_quadratic.jpg,0200e838ebc3bf7e
2225956_quadratic.jpg,67de3c8034eb56ac
2225618_quadratic.jpg,e2c4b90337ce9d29
2225553_quadratic.jpg,e2c4991327ca9d29
2225517_quadratic.jpg,0b16e8cb1f6cc006
2225255_quadratic.jpg,35c28419334c9869
2225064_quadratic.jpg,1972f00c9b74cba6
2225879_quadratic.jpg,81fe3b41c62f53bc
2225249_quadratic.jpg,0d528c19e08f3cfe
2225251_quadratic.jpg,0970e3d6ad5bb57e
2225071_quadratic.jpg,2532cc930c2940a4
2225182_quadratic.jpg,67ce7dea50a75c93
2225998_quadratic.jpg,01fe8081e7cfbb7e
2225014_quadratic.jpg,8cc215ebd0034e78
2225084_quadratic.jpg,4ff00f92601f930c
2225962_quadratic.jpg,ca3160fe9e81072e
2225870_quadratic.jpg,1688146208de0100
2225910_quadratic.jpg,0c02209164c0bf1f
2225416_quadratic.jpg,381068c18501bfff
2225941_quadratic.jpg,4600053840a0013f
2225844_quadratic.jpg,1e60d0be0103c6de
2225751_quadratic.jpg,bc40effbc71e78c0
2225591_quadratic.jpg,0180c1376f1cc098
2225666_quadratic.jpg,f0ff47936cb9804f
2225856_quadratic.jpg,01fe8081e7cfbb7e
2225931_quadratic.jpg,fc0f00f00b2040d8
2225986_quadratic.jpg,591326f49c21c387
2225154_quadratic.jpg,2e759810847ac790
2225726_quadratic.jpg,289fa6d5cb170810
2225374_quadratic.jpg,0f0a043870e2d8a5
2225657_quadratic.jpg,000063d60d1b00e3
2225473_quadratic.jpg,fd9327c806192608
2225004_quadratic.jpg,ec9d3364c313fcb1
2225682_quadratic.jpg,01fe8081e7cfbb7e
2225930_quadratic.jpg,449a3c8334f8f08f
2225774_quadratic.jpg,cb070f5cf04ffe11
2225148_quadratic.jpg,fec0830706187800
2225111_quadratic.jpg,9d18e11a20c0807f
2225401_quadratic.jpg,468cf932e550875f
2225609_quadratic.jpg,284fb6d4c11b4410
2225980_quadratic.jpg,000063d60d1b00e3
2225261_quadratic.jpg,f6bdb6ecf3060f18
2225149_quadratic.jpg,e3c8110b362c4080
2225571_quadratic.jpg,3fe1037fccd7ec9b
2225045_quadratic.jpg,e30f15aed1a25a8d
2225847_quadratic.jpg,b660074c103769e2
2225612_quadratic.jpg,da0061962e1833e4
2225354_quadratic.jpg,380068c0a501bfff
2225452_quadratic.jpg,102495fbe326891e
2225015_quadratic.jpg,7e108179e7071c3b
2225459_quadratic.jpg,81fe3b41c62f53bc
2225606_quadratic.jpg,7ecdda231c1de3cf
2225411_quadratic.jpg,579ec1a24fb8e018
2225466_quadratic.jpg,9f03c679f3ce970c
2225266_quadratic.jpg,de0c1c3878f0a001
2225190_quadratic.jpg,010cf8e1d4e79c79
2225313_quadratic.jpg,3ec13f680c11c31e
2225020_quadratic.jpg,1fce0c70eede3903
2225772_quadratic.jpg,013ef68e60d27fcf
2225833_quadratic.jpg,84de1fead41b84b9
2225078_quadratic.jpg,30d96700011ce24f
2225479_quadratic.jpg,33fe2df70fe06390
2225795_quadratic.jpg,f98235da23fe5c81
2225024_quadratic.jpg,000000c02dd6003b
2225432_quadratic.jpg,3bf543874e394180
2225997_quadratic.jpg,000063d60d1b00e3
2225237_quadratic.jpg,ca3160fe9e81072e
2225481_quadratic.jpg,9932840c7126c89c
2225062_quadratic.jpg,4d9a356b9eb14c61
2225575_quadratic.jpg,6db20d3ffc7ccb81
2225260_quadratic.jpg,46bc6903067da34f
2225895_quadratic.jpg,e70b0588257d7086
2225764_quadratic.jpg,037eb801bb628659
2225875_quadratic.jpg,3ec13f680c11c31e
2225639_quadratic.jpg,000063d60d1b00e3
2225706_quadratic.jpg,c0014a962dc0a201
2225051_quadratic.jpg,a14c18e380070608
2225081_quadratic.jpg,31638608d180046b
2225779_quadratic.jpg,c82c9a33ec8f3f66
2225316_quadratic.jpg,7019e2f78d1321fe
2225029_quadratic.jpg,7003040028fc8503
2225885_quadratic.jpg,f03ddb37ec03fc79
2225881_quadratic.jpg,f9e71c38d03f4600
2225601_quadratic.jpg,017bfe61c61f30e3
2225231_quadratic.jpg,307ef9f6d923c694
2225454_quadratic.jpg,f9e3a649ff5fb003
2225527_quadratic.jpg,c9940837fe9c8122
2225868_quadratic.jpg,207bf2e79f310ce0
2225406_quadratic.jpg,b87fcf80e439837b
2225966_quadratic.jpg,01263fbc5940c09b
2225503_quadratic.jpg,f881cd1b267dd890
2225455_quadratic.jpg,78f2458a5800ccff
2225758_quadratic.jpg,70bb670e1cf0c31f
2225659_quadratic.jpg,1d7e18e3469f947b
2225613_quadratic.jpg,e68cd0c73ffe4003
2225367_quadratic.jpg,9973030628c09c33
2225822_quadratic.jpg,579ec1a24fb8e018
2225128_quadratic.jpg,ff1d83c778d1131f
2225574_quadratic.jpg,22cd970b32e4817f
2225876_quadratic.jpg,1688146208de0100
2225803_quadratic.jpg,2458bde27fc07f80
2225946_quadratic.jpg,01fe8081e7cfbb7e
2225475_quadratic.jpg,9a3046f061b8d51f
2225044_quadratic.jpg,f0c103162f548019
2225240_quadratic.jpg,f9021f920028e00f
2225400_quadratic.jpg,b660074c103769e2
2225900_quadratic.jpg,e70a27be58237dca
2225899_quadratic.jpg,ff7d00049c3df280
2225362_quadratic.jpg,f4eb17f8e8929107
2225225_quadratic.jpg,3c649e3cf3cf1361
2225113_quadratic.jpg,c0300308d0e7dd38
2225309_quadratic.jpg,84de1fead41b84b9
2225305_quadratic.jpg,b57f0182df2f9023
2225684_quadratic.jpg,74e2fc334c98b7c0
2225555_quadratic.jpg,0038c0013ffc0002
2225514_quadratic.jpg,01fe8081e7cfbb7e
2225811_quadratic.jpg,24fefd07ff3d4c00
2225843_quadratic.jpg,7ffe44bbe54f9823
2225444_quadratic.jpg,bf023dd2044d9b65
2225213_quadratic.jpg,041df6c09177cf37
2225497_quadratic.jpg,090224d8ff1bf1ee
2225626_quadratic.jpg,ef9d27ec1f30c080
2225955_quadratic.jpg,306dc2803979deb0
2225884_quadratic.jpg,fe01f217407f00b0
2225616_quadratic.jpg,f9d306089027df9c
2225675_quadratic.jpg,36659b3763dcbcb9
2225468_quadratic.jpg,01be7f460cfdfe01
2225670_quadratic.jpg,01fc271ce8bc19e3
2225193_quadratic.jpg,dfb97a86ecdbb57b
2225790_quadratic.jpg,10c37c8108e30cb8
2225133_quadratic.jpg,c71d72a0431f7c08
2225162_quadratic.jpg,b343878d1fba75f8
2225819_quadratic.jpg,c8b0418e3cf1c73d
2225748_quadratic.jpg,e7ff61e3172f90b4
2225385_quadratic.jpg,b8f1c08f1f26dcf3
2225299_quadratic.jpg,1688146208de0100
2225377_quadratic.jpg,b8f1c08f1f26dcf3
2225692_quadratic.jpg,ff0d1020ef39c6ff
2225152_quadratic.jpg,fe3c63ccdf0107ae
2225173_quadratic.jpg,030b347e1cf0e2c5
2225967_quadratic.jpg,c19f4300fc19038c
2225141_quadratic.jpg,f2f83d46c4387f9a
2225388_quadratic.jpg,0dd28c99e08f3cfe
2225934_quadratic.jpg,fcfa29c15f7fc080
2225185_quadratic.jpg,48166c8913e6ffff
2225055_quadratic.jpg,e081d101cf3c1f7c
2225755_quadratic.jpg,83070f5df0c3be10
2225756_quadratic.jpg,4810610ef8ff1e01
2225734_quadratic.jpg,7147acc10f3870f4
2225590_quadratic.jpg,3073c68c01030600
2225245_quadratic.jpg,81862dff68d8b76f
2225105_quadratic.jpg,81161c2b70a448d2
2225834_quadratic.jpg,36d007fe608e1360
2225474_quadratic.jpg,fd9327c806192608
2225919_quadratic.jpg,f8d53be59e3fc003
2225992_quadratic.jpg,f881cd1b267dd890
2225854_quadratic.jpg,ee95230c14e1ffff
2225092_quadratic.jpg,0d62947930cbae8d
2225540_quadratic.jpg,000063d60d1b00e3
2225417_quadratic.jpg,d6eb8d7f19224484
2225228_quadratic.jpg,3163cc29f3671c30
2225917_quadratic.jpg,88220ff871ca867d
2225330_quadratic.jpg,0cf0a1dff7cf8503
2225650_quadratic.jpg,f881cd1b267dd890
2225708_quadratic.jpg,e2c4991327ca9d29
2225615_quadratic.jpg,809eedd33f2852ec
2225778_quadratic.jpg,faa55b71cc1903e2
2225460_quadratic.jpg,f9e71c38d03f4600
2225972_quadratic.jpg,fefdfbe703c01f3f
2225554_quadratic.jpg,00c00073edb64d1b
2225975_quadratic.jpg,007e8c08f36699e6
2225661_quadratic.jpg,64c0074f30c38e7f
2225192_quadratic.jpg,fe7963ccdf1307ce
2225097_quadratic.jpg,5e7ffe8601da250f
2225278_quadratic.jpg,0970e3d6ad5bb57e
2225196_quadratic.jpg,39f0e90720ce7ffc
2225602_quadratic.jpg,7ab40390634f8838
2225550_quadratic.jpg,0004f8f7ef1f070e
2225714_quadratic.jpg,f831009729d68f7f
2225690_quadratic.jpg,fefdc3c72f5db861
2225705_quadratic.jpg,93274b967821c6df
2225648_quadratic.jpg,af5bb07c71c2857f
2225820_quadratic.jpg,c4e3850e56b04f98
2225699_quadratic.jpg,f1f304680026d8a7
2225369_quadratic.jpg,983364c280014706
2225489_quadratic.jpg,8410c3fe6576fd3e
2225809_quadratic.jpg,75ea54b3c40d7be0
2225482_quadratic.jpg,ff7d00049c3df280
2225373_quadratic.jpg,877fb4e086df9b7b
2225810_quadratic.jpg,75ea54b3c40d7be0
2225289_quadratic.jpg,7103040953b028a2
2225089_quadratic.jpg,8e35c880214dbf6e
2225617_quadratic.jpg,ea833cd06fc33608
2225209_quadratic.jpg,eff46788472c538e
2225837_quadratic.jpg,e6ddfb0f9060cf00
2225918_quadratic.jpg,01020478f11f7f9f
2225902_quadratic.jpg,01121cc83bfda00f
2225689_quadratic.jpg,65fab62b50e6dd73
2225797_quadratic.jpg,210e00801932e4c2
2225184_quadratic.jpg,9b0324cb16b966d8
2225569_quadratic.jpg,dc834419224e9831
2225695_quadratic.jpg,3df36374881c3bc3
2225897_quadratic.jpg,fd9327c806192608
2225745_quadratic.jpg,34c11764081f63b8
2225711_quadratic.jpg,067ecc09dff0c31d
2225218_quadratic.jpg,081364d26e9f2758
2225912_quadratic.jpg,428449132e50e094
2225180_quadratic.jpg,3bf0e1079027ee01
2225866_quadratic.jpg,f9e3a649ff5fb003
2225295_quadratic.jpg,ff80c70f3b6048b8
2225109_quadratic.jpg,ce800396e841058a
2225513_quadratic.jpg,000063d60d1b00e3
2225954_quadratic.jpg,fefdc3c72f5db861
2225669_quadratic.jpg,1ee0030e18f0bf77
2225592_quadratic.jpg,000063d60d1b00e3
2225605_quadratic.jpg,38609c63854bb70a
2225942_quadratic.jpg,0327070ef400318a
2225104_quadratic.jpg,ee19dfa000fe700d
2225519_quadratic.jpg,9e75cb962a7568c3
2225914_quadratic.jpg,3dfae71fc6998649
2225363_quadratic.jpg,b871c28f1f265cf3
2225860_quadratic.jpg,3bf543874e394180
2225368_quadratic.jpg,8f7f66c894090306
2225355_quadratic.jpg,9e7f7f0680801120
2225158_quadratic.jpg,01defbf7e7cf1839
2225443_quadratic.jpg,c4397a408024c19f
2225728_quadratic.jpg,303164c89023c71f
2225932_quadratic.jpg,30d0e681a177fe3f
2225395_quadratic.jpg,f9c0373c0bd22070
2225725_quadratic.jpg,2f5fb668d3e6e18f
2225387_quadratic.jpg,f07fb40b3f904fb1
2225076_quadratic.jpg,6cc9b2ef1db0fa85
2225426_quadratic.jpg,7ffe44bbe54f9823
2225903_quadratic.jpg,0f7df88761ce7d12
2225365_quadratic.jpg,0f2a043870e2d8a5
2225123_quadratic.jpg,0fbc60dd824d33e6
2225499_quadratic.jpg,022d7af0e18f7080
2225318_quadratic.jpg,3c4890e0c7cb173f
2225188_quadratic.jpg,8e37cecc9105bbc6
2225125_quadratic.jpg,32fce81410e0875f
2225741_quadratic.jpg,983160c8c0193360
2225640_quadratic.jpg,01fe8081e7cfbb7e
2225539_quadratic.jpg,8d33e68c3be07d87
2225877_quadratic.jpg,000c80c160c6b70b
2225233_quadratic.jpg,0d02053851befd92
2225495_quadratic.jpg,3dcb05200020ef7e
2225925_quadratic.jpg,fc0f00f00b2040d8
2225522_quadratic.jpg,0316fc8065aadfaf
2225935_quadratic.jpg,f9cf7d0d3220df60
2225622_quadratic.jpg,01768c1870a44388
2225523_quadratic.jpg,e4cb370b5428408c
2225066_quadratic.jpg,2d5a963cc3a64e90
2225874_quadratic.jpg,207bf2e79f310ce0
2225407_quadratic.jpg,c8b0418e3cf1c73d
2225863_quadratic.jpg,7df2478ab459b366
2225072_quadratic.jpg,992343868c192960
2225068_quadratic.jpg,0c3cf8730c102fdc
2225909_quadratic.jpg,f9c4893366478031
2225681_quadratic.jpg,000063d60d1b00e3
2225077_quadratic.jpg,fe3d22c0c2089025
2225957_quadratic.jpg,fefdc3c72f5db861
2225083_quadratic.jpg,c601423c584798b0
2225476_quadratic.jpg,3ee1010f7cf863c6
2225110_quadratic.jpg,c183070e0e12a47b
2225754_quadratic.jpg,7ecd92471c79e29f
2225644_quadratic.jpg,041e48b873c70fbb
2225710_quadratic.jpg,f881cd1b267dd890
2225621_quadratic.jpg,46cc983163c48c19
2225973_quadratic.jpg,f488237c8a01c0ff
2225532_quadratic.jpg,fbf7031429d07fff
2225007_quadratic.jpg,ff03be4d12305992
2225537_quadratic.jpg,43fefcf38f0c18f0
2225103_quadratic.jpg,9739cb868c483369
2225753_quadratic.jpg,9a1fbb64e1c2050f
2225801_quadratic.jpg,a85147012f5e3564
2225977_quadratic.jpg,f10e2bd70f79b26c
2225211_quadratic.jpg,132c4d8810a16092
2225944_quadratic.jpg,0b3f36001028c0e1
2225859_quadratic.jpg,e183078e714fbe60
2225891_quadratic.jpg,5e0c10e0e00113e6
2225136_quadratic.jpg,7f86fcf9efb0079c
2225993_quadratic.jpg,25da9429d3a6cc1d
2225965_quadratic.jpg,065964f31cc0bf7f
2225945_quadratic.jpg,000063d60d1b00e3
2225177_quadratic.jpg,2e7feac481214280
2225042_quadratic.jpg,ce9dbb79800c9000
2225435_quadratic.jpg,000063d60d1b00e3
2225169_quadratic.jpg,618a344f9c2247f8
2225823_quadratic.jpg,fefb003068fbe403
2225730_quadratic.jpg,2552cc71875ba201
2225940_quadratic.jpg,c1feff1004b8d2af
2225382_quadratic.jpg,013e9c7e91396688
2225329_quadratic.jpg,0b16e8cb1f6cc006
2225304_quadratic.jpg,8974bbdead1ab740
2225658_quadratic.jpg,01fe8081e7cfbb7e
2225434_quadratic.jpg,380034e18720dfff
2225604_quadratic.jpg,f60d1e76fc714288
2225743_quadratic.jpg,c0bd688261df3e3f
2225598_quadratic.jpg,4db2dc01c3fe4992
2225353_quadratic.jpg,bef9f2e582054a90
2225234_quadratic.jpg,f943146c11240859
2225226_quadratic.jpg,7982fd374090c90f
2225700_quadratic.jpg,c0cf0f04f9c20726
2225114_quadratic.jpg,e6edfb07880c3e64
2225839_quadratic.jpg,a51a27dcb0215cf0
2225442_quadratic.jpg,71828409f2e3478f
2225518_quadratic.jpg,c639ff14413cf887
2225777_quadratic.jpg,073ec49a30c31ef3
2225546_quadratic.jpg,e6fdcf19f8c73864
2225498_quadratic.jpg,f2e99906acd9b77f
2225160_quadratic.jpg,be6dd6e8132c54fc
2225824_quadratic.jpg,84de1fead41b84b9
2225063_quadratic.jpg,79b66dc305006897
2225006_quadratic.jpg,70cf39f225c75c17
2225003_quadratic.jpg,fe01a048910d9bfc
2225106_quadratic.jpg,1972f00c9b74cba6
2225343_quadratic.jpg,e8c9177fb85d3e70
2225050_quadratic.jpg,812346081129cad3
2225159_quadratic.jpg,010cf8e1d4e79c79
2225012_quadratic.jpg,22cc983167c6fd7b
2225352_quadratic.jpg,e80b0430ee9b0c80
2225391_quadratic.jpg,0f9a74c1962d1a60
2225241_quadratic.jpg,de0d1c3878f0a001
2225761_quadratic.jpg,f3dd3bf3ee19a214
2225336_quadratic.jpg,7f9eac79d720438e
2225858_quadratic.jpg,bf023dd2044d9b65
2225341_quadratic.jpg,13038c173efc7def
2225402_quadratic.jpg,579ec1a24fb8e018
2225383_quadratic.jpg,010cf8e1d4e79c79
2225070_quadratic.jpg,3fd02a20c09e2502
2225490_quadratic.jpg,ceb8eb962f794304
2225202_quadratic.jpg,011f74829822eef1
2225334_quadratic.jpg,0da25b46ae0540a8
2225414_quadratic.jpg,f9e3a649ff5fb003
2225886_quadratic.jpg,112224d8f1e77fe0
2225333_quadratic.jpg,5df09a65ca8431e3
2225567_quadratic.jpg,ef73f4dd17a469c3
2225412_quadratic.jpg,fefb003068fbe403
2225735_quadratic.jpg,fe19638d3340027c
2225168_quadratic.jpg,e4c9132fcc803163
2225221_quadratic.jpg,ef5b64e814a30c31
2225322_quadratic.jpg,3e8c344996679873
2225798_quadratic.jpg,f80523400000809f
2225500_quadratic.jpg,fe3df2850b120410
2225515_quadratic.jpg,03fdb3f663cfff7f
2225869_quadratic.jpg,3ec13f680c11c31e
2225132_quadratic.jpg,374a942881004083
2225818_quadratic.jpg,b87fcf80e439837b
2225558_quadratic.jpg,cfe60a39b55b2444
2225236_quadratic.jpg,031ffc0491254ee1
2225183_quadratic.jpg,8126e4081266dc99
2225987_quadratic.jpg,01f67d9f34618709
2225243_quadratic.jpg,3e0102fe903b66e0
2225445_quadratic.jpg,e183078e714fbe60
2225088_quadratic.jpg,0b073f71f0e94f81
2225320_quadratic.jpg,01071e6890e4c107
2225668_quadratic.jpg,e39e0cd1966ddbbe
2225922_quadratic.jpg,0dfe1f488003ff7f
2225927_quadratic.jpg,30d0e681a177fe3f
2225059_quadratic.jpg,be75ca932759346e
2225951_quadratic.jpg,c6dd8139feb08f38
2225821_quadratic.jpg,63cfba413ed08d02
2225361_quadratic.jpg,e102b4e70f10b03c
2225509_quadratic.jpg,090224d8ff1bf1ee
2225090_quadratic.jpg,c103070e183d6408
2225242_quadratic.jpg,fd9327cc177ffc10
2225933_quadratic.jpg,74d387beed3f6bd6
2225538_quadratic.jpg,67d68c3b7ef0c13f
2225317_quadratic.jpg,207bf2e79f310ce0
2225855_quadratic.jpg,000063d60d1b00e3
2225107_quadratic.jpg,f8813ffa79a71c61
2225928_quadratic.jpg,74d387beed3f6bd6
2225056_quadratic.jpg,30e15bf0648b3573
2225293_quadratic.jpg,e03f7f80843986fc
2225199_quadratic.jpg,0100fef0e0df8003
2225321_quadratic.jpg,176dda2fdebc71e3
2225949_quadratic.jpg,67de3c8034eb56ac
2225370_quadratic.jpg,01429c3b67be7cfe
2225259_quadratic.jpg,fffb7fc800052040
2225953_quadratic.jpg,67de3c8034eb56ac
2225155_quadratic.jpg,0a74a29870c20083
2225589_quadratic.jpg,826dca1760deb100
2225250_quadratic.jpg,0000f8c71fc0bf7f
2225924_quadratic.jpg,f07fb40b3f904fb1
2225696_quadratic.jpg,017e8031e70c12ac
2225771_quadratic.jpg,80c1e71fbff8c318
2225948_quadratic.jpg,306dc2803979deb0
2225386_quadratic.jpg,fdfb2b07d83ff8c0
2225364_quadratic.jpg,90a061cebd56a841
2225201_quadratic.jpg,0c780030f0ef81ff
2225137_quadratic.jpg,1c008009f6a74183
2225346_quadratic.jpg,dfb3c7831fa4000c
2225381_quadratic.jpg,0f0a043870e2d8a5
2225217_quadratic.jpg,9fb403de34890276
2225701_quadratic.jpg,000063d60d1b00e3
2225549_quadratic.jpg,c4015bf0211e9cff
2225086_quadratic.jpg,9821ef9629fce083
2225338_quadratic.jpg,1a058a30ecff926d
2225896_quadratic.jpg,33fe2df70fe06390
2225075_quadratic.jpg,9e2067d8265d8880
2225418_quadratic.jpg,b660074c103769e2
2225098_quadratic.jpg,6f9c1a778f9eb913
2225258_quadratic.jpg,c2b60f103062c880
2225456_quadratic.jpg,8b17075f30c03fb0
2225134_quadratic.jpg,7efcfbc70b5effe6
2225095_quadratic.jpg,df00b3c60c0758f0
2225324_quadratic.jpg,89faf42d801ef080
2225561_quadratic.jpg,be4d13fcbfc2ec99
2225782_quadratic.jpg,0005dabc73c64c91
2225974_quadratic.jpg,f2c51976ff2e80ff
2225791_quadratic.jpg,f2c51976ff2e80ff
2225047_quadratic.jpg,017ef40bbef98039
2225198_quadratic.jpg,e559e31f1f082040
2225926_quadratic.jpg,449a3c8334f8f08f
2225021_quadratic.jpg,c2b60f103062c880
2225446_quadratic.jpg,3bf543874e394180
2225279_quadratic.jpg,c7ec993264c0bd7f
2225665_quadratic.jpg,8d3863dc941a63c6
2225464_quadratic.jpg,dd260d6310e9964c
2225187_quadratic.jpg,02fcb9f5ef1d9f60
2225596_quadratic.jpg,747c39126cd8012f
2225440_quadratic.jpg,000063d60d1b00e3
2225124_quadratic.jpg,7cd99307edd88374
2225901_quadratic.jpg,8113821c31f838f8
2225742_quadratic.jpg,ac51a30680ff395e
2225744_quadratic.jpg,e10f0cf06fdb8001
2225292_quadratic.jpg,0009e2cdffa3132c
2225989_quadratic.jpg,1c6502fbc188198c
2225674_quadratic.jpg,fe38342c70c08091
2225785_quadratic.jpg,1f7dc8e214257aa5
2225034_quadratic.jpg,c3071c38e0c1877f
2225467_quadratic.jpg,f03ddb37ec03fc79
2225792_quadratic.jpg,f2e48f28d3248b36
2225265_quadratic.jpg,38f020c3871f8053
2225805_quadratic.jpg,ff42b76c903b40c1
2225872_quadratic.jpg,0da25b46ae0540a8
2225457_quadratic.jpg,f9f30387dc1fa263
2225325_quadratic.jpg,3ee5a3056adeb06f
2225505_quadratic.jpg,f2c51976ff2e80ff
2225035_quadratic.jpg,c1026e081bf2e78f
2225465_quadratic.jpg,fe01f217407f00b0
2225649_quadratic.jpg,de3927f00ec0b167
2225040_quadratic.jpg,11823469f2e4997b
2225641_quadratic.jpg,fefdfb638e00db7f
2225205_quadratic.jpg,f1e2cd1770008d52
2225303_quadratic.jpg,66cd9831e2d61933
2225378_quadratic.jpg,218b310064de3e9b
2225208_quadratic.jpg,ed801bf8e4c3b77f
2225428_quadratic.jpg,579ec1a24fb8e018
2225058_quadratic.jpg,1beec0f7a946bfcc
2225541_quadratic.jpg,01fe8081e7cfbb7e
2225252_quadratic.jpg,093fc29f7423fe9e
2225510_quadratic.jpg,846902f0ef1f9062
2225630_quadratic.jpg,29c3860c993265c2
2225603_quadratic.jpg,22cd970b32e4817f
2225011_quadratic.jpg,1e00ecf2ef1f00b8
2225981_quadratic.jpg,01fe8081e7cfbb7e
2225832_quadratic.jpg,d6eb8d7f19224484
2225587_quadratic.jpg,638a1d3a54a8c180
2225950_quadratic.jpg,fefdc3c72f5db861
2225915_quadratic.jpg,69d30609de6df867
2225672_quadratic.jpg,bd7ffe849265ee83
2225961_quadratic.jpg,fe41030afc7b0608
2225849_quadratic.jpg,3bf543874e394180
2225380_quadratic.jpg,1e3dc79cf3c5c101
2225848_quadratic.jpg,ffc00b3e7480017f
2225526_quadratic.jpg,f861e3c60c5834cb
